{
  "name": "",
  "displayName": "",
  "description": "",
  "author": "",
  "website": "",
  "version": "",
  "issetuprecipe": false,
  "categories": "",
  "tags": [],
  "steps": [
    {
      "name": "content",
      "data": [
        {
          "ContentItemId": "4ybfh589ymjnftm9w4n2w3wsmh",
          "ContentItemVersionId": "46g80c1r1f8z6xfgemb7r3r5cr",
          "ContentType": "BlogPost",
          "DisplayText": "Why not to buy from Southtown Dodge, AKA Southtown Dodge Sucks",
          "Latest": true,
          "Published": true,
          "ModifiedUtc": "2018-11-06T04:38:16.9569746Z",
          "PublishedUtc": "2018-11-06T04:38:16.9591209Z",
          "CreatedUtc": "2018-11-06T04:38:16.9591209Z",
          "Owner": "christoc",
          "Author": "christoc",
          "TitlePart": {
            "Title": "Why not to buy from Southtown Dodge, AKA Southtown Dodge Sucks"
          },
          "ContainedPart": {
            "ListContentItemId": "4rhgasx2hss2e04y5hccp6cvc8",
            "Order": 0
          },
          "MarkdownBodyPart": {
            "Markdown": "<p>Well lets begin the story with a little background.</p><p>The Mad Blogger was in the mood for a new ride. He&#39;s been driving a 2003 Nissan 350Z for 3+ years now, and wanted something up off the ground, a bit more visible and much larger. So he began by searching for used Chevrolet Tahoes. Why a Tahoe? Why not, The Mad Blogger can afford gas, even as prices rise, so why bother with trying to be &quot;green&quot;, The Mad Blogger is not PC.</p><p>It didn&#39;t take TMB (The Mad Blogger) long to find what he was looking for. A 2005 Chevrolet Tahoe Z71, 4x4, every option on it except for a third row seat, and navigation. The Mad Blogger has no kids, he needs not a third row seat, he&#39;s also a man, he can find his way out of a pitchdark room with no doors, navigation is not a necessity.</p><p>He found his new ride at Southtown Dodge on Lindbergh Blvd in south St. Louis County. Now it was time to deal. The Tahoe had been sitting on the lot for over 90 days when TMB found it, so this meant he should be able to get a good deal. Priced out on KBB.com TMB found it to have a value of roughly $34k, asking price on it was $26,903. First offer to the dealer, Southtown Dodge, salesman was Mike Wall, was 25,500. The dealer wouldn&#39;t budge, they said they were at their clearance price and wouldn&#39;t come down. $26903, plus a BS fee of $97 dollars for paperwork.</p><p>The Mad Blogger would have none of this, he came back with another offer of $26,500 a day later, the dealer still wouldn&#39;t budge. They did know what the truck was worth, and weren&#39;t going to move on it. Fine, The Mad Blogger knows when to jump on a good deal. So he calls the dealer up this morning to tell them he&#39;ll be there at 4:30pm to give them his pre-approved loan information, and pick up the vehicle. Good ole Mike Wall comes back and says, sorry, we can&#39;t clean it up for delivery till we have a deposit or have started on the paperwork. So The Mad Blogger agrees to go down there over his lunch break and get the paperwork started. TMB doesn&#39;t really care if they clean the Tahoe, it&#39;s going to rain today, all he wanted was them to put the Brush Bar back on the front which they had removed between the first time TMB looked at it and the second time he went back.</p><p>TMB arrives at the dealer shortly after 11:30am this morning, good ole Mike Wall is there with the paperwork already started. Mike looks over The Mad Blogger&#39;s preapproved loan information and tells him that he won&#39;t be able to turn the Tahoe over to TMB for 7-10 days. WTF? Excuse The Mad Blogger, did you just tell him he can&#39;t pickup this truck today? TMB&nbsp;comes in with a loan check that he&#39;s been told is as good as cash and Southtown Dodge won&#39;t let him take the vehicle for 7-10 days? TMB don&#39;t think so.</p><p>After 15-20 minutes of no progress The Mad Blogger decides it&#39;s time to leave. The first thing TMB does it call up his lender to verify that the check should be good as gold with a dealer. They confirm this and say that they don&#39;t have problems with dealers accepting their checks, they did offer to talk to the dealer and have them a check mailed next day to arrive on Saturday. TMB declines, he&#39;s done dealing with Southtown Dodge. TMB decides he&#39;ll check for himself and jumps off the highway to stop at another dealer, Sunset Ford. The sales guy at Sunset Ford (sorry&nbsp;TMB didn&#39;t get his name to give him props) said they would have no problem accepting the TMB preapproved loan check and selling him a vehicle on the spot. Unfortunately for The Mad Blogger they didn&#39;t have a used Tahoe on the lot.</p><p>So, what&#39;s the moral of The Mad Blogger&#39;s story? Don&#39;t let a dealer like Southtown Dodge jack you around. If the sales guy, Mike Wall, or whomever your sales person is, EVER acts like a *** to you, walk out of there. The Mad Blogger took a little crap from Mike hoping he&#39;d still get a good deal on this truck. He got nothing but a weeks worth of wasted time when he could have found another vehicle.</p><p>Southtown Dodge Sucks!</p>"
          },
          "AutoroutePart": {
            "Path": "blog/post-2"
          },
          "BlogPost": {
            "Subtitle": {
              "Text": "Some sample description here"
            }
          }
        },
        {
          "ContentItemId": "40c9sptzdtfbevfc6we9958xmq",
          "ContentItemVersionId": "4k4qgh27y710s404s03aq8qxd6",
          "ContentType": "BlogPost",
          "DisplayText": "Shop at Dave Sinclair Lincoln Mercury! The day was saved!",
          "Latest": true,
          "Published": true,
          "ModifiedUtc": "2018-11-06T05:06:44.620071Z",
          "PublishedUtc": "2018-11-06T05:06:44.9036241Z",
          "CreatedUtc": "2018-11-06T05:06:44.9036241Z",
          "Owner": "christoc",
          "Author": "christoc",
          "BlogPost": {
            "Subtitle": {
              "Text": "Shop at Dave Sinclair Lincoln Mercury! The day was saved!"
            }
          },
          "AutoroutePart": {
            "Path": "bblogs/themadblogger/archive/2006/08/26/Shop-at-Dave-Sinclair-Lincoln-Mercury_2100_-The-day-was-saved_2100_.aspx",
            "SetHomepage": false
          },
          "MarkdownBodyPart": {
            "Markdown<p>So The Mad Blogger (TMB) went out shopping for a car this evening, trying to repair <a href=""http://themadblogger.org/blogs/themadblogger/archive/2006/08/25/Why-not-to-buy-from-Southtown-Dodge_2C00_-AKA-Southtown-Dodge-Sucks.aspx"">the chaos that was earlier today</a>.</p><p>Long story short (it&#39;s too late right now, long story to come tomorrow), TMB is VERY happy this morning(night). TMB has a new ride. An 05 Chevy Tahoe Z71 with less than 8k miles on it! TMB will ALSO be getting some 20&#39;s tomorrow morning for the Tahoe. Photos and the rest of the story to come tomorrow!</p><p><a href=""http://www.flickr.com/photos/chammond/224920125/"">Flickr photo</a></p>"
          },
          "TitlePart": {
            "Title": "Shop at Dave Sinclair Lincoln Mercury! The day was saved!"
          },
          "ContainedPart": {
            "ListContentItemId": "4mq66466kyhf4sxedn7jth2f45",
            "Order": 0
          }
        }
      ]
    }
  ]
}